{"cameraMode":{"drawMode":0,"name":"Shaded","section":"Shading Mode"},"sceneLighting":false,"audioPlay":false,"sceneViewState":{"m_AlwaysRefresh":false,"showFog":true,"showSkybox":false,"showFlares":true,"showImageEffects":true,"showParticleSystems":true,"showVisualEffectGraphs":true,"m_FxEnabled":true},"in2DMode":false,"pivot":{"x":4.579999923706055,"y":1.7200000286102296,"z":-1.9259999990463257},"rotation":{"x":0.10486281663179398,"y":0.8580385446548462,"z":-0.19395321607589723,"w":0.46387600898742678},"size":0.01836264878511429,"orthographic":false}