{"cameraMode":{"drawMode":0,"name":"Shaded","section":"Shading Mode"},"sceneLighting":false,"audioPlay":false,"sceneViewState":{"m_AlwaysRefresh":false,"showFog":true,"showSkybox":false,"showFlares":true,"showImageEffects":true,"showParticleSystems":true,"showVisualEffectGraphs":true,"m_FxEnabled":true},"in2DMode":false,"pivot":{"x":1.5785973072052003,"y":1.8243417739868165,"z":1.5146088600158692},"rotation":{"x":0.01626698672771454,"y":-0.9611467123031616,"z":0.05803743004798889,"w":0.26941370964050295},"size":0.9641976952552795,"orthographic":false}